"filename", "language", "JavaScript", "JSON", "Ini", "XML", "CSS", "HTML", "Markdown", "comment", "blank", "total"
"/Users/Yuriy/projects/hotel/.eslintrc.js", "JavaScript", 14, 0, 0, 0, 0, 0, 0, 0, 1, 15
"/Users/Yuriy/projects/hotel/client/.flowconfig", "Ini", 0, 0, 6, 0, 0, 0, 0, 0, 6, 12
"/Users/Yuriy/projects/hotel/client/README.md", "Markdown", 0, 0, 0, 0, 0, 0, 37, 0, 32, 69
"/Users/Yuriy/projects/hotel/client/config/env.js", "JavaScript", 55, 0, 0, 0, 0, 0, 0, 28, 11, 94
"/Users/Yuriy/projects/hotel/client/config/jest/cssTransform.js", "JavaScript", 9, 0, 0, 0, 0, 0, 0, 3, 3, 15
"/Users/Yuriy/projects/hotel/client/config/jest/fileTransform.js", "JavaScript", 31, 0, 0, 0, 0, 0, 0, 4, 6, 41
"/Users/Yuriy/projects/hotel/client/config/modules.js", "JavaScript", 81, 0, 0, 0, 0, 0, 0, 35, 26, 142
"/Users/Yuriy/projects/hotel/client/config/paths.js", "JavaScript", 66, 0, 0, 0, 0, 0, 0, 10, 15, 91
"/Users/Yuriy/projects/hotel/client/config/pnpTs.js", "JavaScript", 32, 0, 0, 0, 0, 0, 0, 0, 4, 36
"/Users/Yuriy/projects/hotel/client/config/webpack.config.js", "JavaScript", 430, 0, 0, 0, 0, 0, 0, 210, 17, 657
"/Users/Yuriy/projects/hotel/client/config/webpackDevServer.config.js", "JavaScript", 43, 0, 0, 0, 0, 0, 0, 62, 6, 111
"/Users/Yuriy/projects/hotel/client/flow-typed/npm/@babel/core_vx.x.x.js", "JavaScript", 288, 0, 0, 0, 0, 0, 0, 19, 49, 356
"/Users/Yuriy/projects/hotel/client/flow-typed/npm/@ckeditor/ckeditor5-build-classic_vx.x.x.js", "JavaScript", 369, 0, 0, 0, 0, 0, 0, 19, 65, 453
"/Users/Yuriy/projects/hotel/client/flow-typed/npm/@ckeditor/ckeditor5-react_vx.x.x.js", "JavaScript", 9, 0, 0, 0, 0, 0, 0, 19, 5, 33
"/Users/Yuriy/projects/hotel/client/flow-typed/npm/@fortawesome/fontawesome-free_vx.x.x.js", "JavaScript", 93, 0, 0, 0, 0, 0, 0, 19, 19, 131
"/Users/Yuriy/projects/hotel/client/flow-typed/npm/@svgr/webpack_vx.x.x.js", "JavaScript", 12, 0, 0, 0, 0, 0, 0, 19, 5, 36
"/Users/Yuriy/projects/hotel/client/flow-typed/npm/@testing-library/jest-dom_v4.x.x.js", "JavaScript", 34, 0, 0, 0, 0, 0, 0, 5, 6, 45
"/Users/Yuriy/projects/hotel/client/flow-typed/npm/@testing-library/react_v9.x.x.js", "JavaScript", 279, 0, 0, 0, 0, 0, 0, 7, 28, 314
"/Users/Yuriy/projects/hotel/client/flow-typed/npm/@testing-library/user-event_vx.x.x.js", "JavaScript", 81, 0, 0, 0, 0, 0, 0, 19, 16, 116
"/Users/Yuriy/projects/hotel/client/flow-typed/npm/axios_v0.19.x.js", "JavaScript", 197, 0, 0, 0, 0, 0, 0, 2, 27, 226
"/Users/Yuriy/projects/hotel/client/flow-typed/npm/babel-jest_vx.x.x.js", "JavaScript", 12, 0, 0, 0, 0, 0, 0, 19, 5, 36
"/Users/Yuriy/projects/hotel/client/flow-typed/npm/babel-loader_vx.x.x.js", "JavaScript", 36, 0, 0, 0, 0, 0, 0, 19, 9, 64
"/Users/Yuriy/projects/hotel/client/flow-typed/npm/babel-plugin-named-asset-import_vx.x.x.js", "JavaScript", 9, 0, 0, 0, 0, 0, 0, 19, 6, 34
"/Users/Yuriy/projects/hotel/client/flow-typed/npm/babel-preset-react-app_vx.x.x.js", "JavaScript", 45, 0, 0, 0, 0, 0, 0, 19, 10, 74
"/Users/Yuriy/projects/hotel/client/flow-typed/npm/bootstrap_vx.x.x.js", "JavaScript", 195, 0, 0, 0, 0, 0, 0, 19, 35, 249
"/Users/Yuriy/projects/hotel/client/flow-typed/npm/bson-objectid_vx.x.x.js", "JavaScript", 15, 0, 0, 0, 0, 0, 0, 19, 6, 40
"/Users/Yuriy/projects/hotel/client/flow-typed/npm/camelcase_v5.x.x.js", "JavaScript", 6, 0, 0, 0, 0, 0, 0, 2, 2, 10
"/Users/Yuriy/projects/hotel/client/flow-typed/npm/case-sensitive-paths-webpack-plugin_vx.x.x.js", "JavaScript", 9, 0, 0, 0, 0, 0, 0, 19, 6, 34
"/Users/Yuriy/projects/hotel/client/flow-typed/npm/css-loader_vx.x.x.js", "JavaScript", 75, 0, 0, 0, 0, 0, 0, 19, 15, 109
"/Users/Yuriy/projects/hotel/client/flow-typed/npm/dotenv-expand_vx.x.x.js", "JavaScript", 9, 0, 0, 0, 0, 0, 0, 19, 5, 33
"/Users/Yuriy/projects/hotel/client/flow-typed/npm/dotenv_v8.x.x.js", "JavaScript", 17, 0, 0, 0, 0, 0, 0, 4, 6, 27
"/Users/Yuriy/projects/hotel/client/flow-typed/npm/file-loader_vx.x.x.js", "JavaScript", 18, 0, 0, 0, 0, 0, 0, 19, 6, 43
"/Users/Yuriy/projects/hotel/client/flow-typed/npm/flow-bin_v0.x.x.js", "JavaScript", 3, 0, 0, 0, 0, 0, 0, 2, 2, 7
"/Users/Yuriy/projects/hotel/client/flow-typed/npm/fs-extra_vx.x.x.js", "JavaScript", 234, 0, 0, 0, 0, 0, 0, 19, 36, 289
"/Users/Yuriy/projects/hotel/client/flow-typed/npm/html-webpack-plugin_vx.x.x.js", "JavaScript", 45, 0, 0, 0, 0, 0, 0, 19, 10, 74
"/Users/Yuriy/projects/hotel/client/flow-typed/npm/i18next_vx.x.x.js", "JavaScript", 57, 0, 0, 0, 0, 0, 0, 19, 12, 88
"/Users/Yuriy/projects/hotel/client/flow-typed/npm/identity-obj-proxy_vx.x.x.js", "JavaScript", 84, 0, 0, 0, 0, 0, 0, 19, 17, 120
"/Users/Yuriy/projects/hotel/client/flow-typed/npm/jest-environment-jsdom-fourteen_vx.x.x.js", "JavaScript", 12, 0, 0, 0, 0, 0, 0, 19, 5, 36
"/Users/Yuriy/projects/hotel/client/flow-typed/npm/jest-resolve_vx.x.x.js", "JavaScript", 36, 0, 0, 0, 0, 0, 0, 19, 9, 64
"/Users/Yuriy/projects/hotel/client/flow-typed/npm/jest-watch-typeahead_vx.x.x.js", "JavaScript", 78, 0, 0, 0, 0, 0, 0, 19, 16, 113
"/Users/Yuriy/projects/hotel/client/flow-typed/npm/jest_v24.x.x.js", "JavaScript", 525, 0, 0, 0, 0, 0, 0, 644, 38, 1207
"/Users/Yuriy/projects/hotel/client/flow-typed/npm/jquery_v3.x.x.js", "JavaScript", 1027, 0, 0, 0, 0, 0, 0, 2394, 251, 3672
"/Users/Yuriy/projects/hotel/client/flow-typed/npm/mini-css-extract-plugin_vx.x.x.js", "JavaScript", 36, 0, 0, 0, 0, 0, 0, 19, 9, 64
"/Users/Yuriy/projects/hotel/client/flow-typed/npm/optimize-css-assets-webpack-plugin_vx.x.x.js", "JavaScript", 99, 0, 0, 0, 0, 0, 0, 19, 17, 135
"/Users/Yuriy/projects/hotel/client/flow-typed/npm/pnp-webpack-plugin_vx.x.x.js", "JavaScript", 42, 0, 0, 0, 0, 0, 0, 19, 9, 70
"/Users/Yuriy/projects/hotel/client/flow-typed/npm/postcss-flexbugs-fixes_vx.x.x.js", "JavaScript", 27, 0, 0, 0, 0, 0, 0, 19, 7, 53
"/Users/Yuriy/projects/hotel/client/flow-typed/npm/postcss-loader_vx.x.x.js", "JavaScript", 30, 0, 0, 0, 0, 0, 0, 19, 8, 57
"/Users/Yuriy/projects/hotel/client/flow-typed/npm/postcss-normalize_vx.x.x.js", "JavaScript", 9, 0, 0, 0, 0, 0, 0, 19, 5, 33
"/Users/Yuriy/projects/hotel/client/flow-typed/npm/postcss-preset-env_vx.x.x.js", "JavaScript", 9, 0, 0, 0, 0, 0, 0, 19, 6, 34
"/Users/Yuriy/projects/hotel/client/flow-typed/npm/postcss-safe-parser_vx.x.x.js", "JavaScript", 15, 0, 0, 0, 0, 0, 0, 19, 6, 40
"/Users/Yuriy/projects/hotel/client/flow-typed/npm/react-app-polyfill_vx.x.x.js", "JavaScript", 27, 0, 0, 0, 0, 0, 0, 19, 8, 54
"/Users/Yuriy/projects/hotel/client/flow-typed/npm/react-bootstrap_vx.x.x.js", "JavaScript", 1329, 0, 0, 0, 0, 0, 0, 19, 224, 1572
"/Users/Yuriy/projects/hotel/client/flow-typed/npm/react-dev-utils_vx.x.x.js", "JavaScript", 195, 0, 0, 0, 0, 0, 0, 19, 36, 250
"/Users/Yuriy/projects/hotel/client/flow-typed/npm/react-dom_v16.x.x.js", "JavaScript", 99, 0, 0, 0, 0, 0, 0, 2, 10, 111
"/Users/Yuriy/projects/hotel/client/flow-typed/npm/react-i18next_vx.x.x.js", "JavaScript", 240, 0, 0, 0, 0, 0, 0, 19, 42, 301
"/Users/Yuriy/projects/hotel/client/flow-typed/npm/react-image-gallery_vx.x.x.js", "JavaScript", 33, 0, 0, 0, 0, 0, 0, 19, 9, 61
"/Users/Yuriy/projects/hotel/client/flow-typed/npm/react-photo-gallery_vx.x.x.js", "JavaScript", 15, 0, 0, 0, 0, 0, 0, 19, 6, 40
"/Users/Yuriy/projects/hotel/client/flow-typed/npm/react-redux_v7.x.x.js", "JavaScript", 181, 0, 0, 0, 0, 0, 0, 81, 39, 301
"/Users/Yuriy/projects/hotel/client/flow-typed/npm/react-router-dom_v5.x.x.js", "JavaScript", 155, 0, 0, 0, 0, 0, 0, 4, 26, 185
"/Users/Yuriy/projects/hotel/client/flow-typed/npm/react-vis_vx.x.x.js", "JavaScript", 939, 0, 0, 0, 0, 0, 0, 19, 153, 1111
"/Users/Yuriy/projects/hotel/client/flow-typed/npm/redux_v4.x.x.js", "JavaScript", 72, 0, 0, 0, 0, 0, 0, 10, 18, 100
"/Users/Yuriy/projects/hotel/client/flow-typed/npm/resolve-url-loader_vx.x.x.js", "JavaScript", 51, 0, 0, 0, 0, 0, 0, 19, 11, 81
"/Users/Yuriy/projects/hotel/client/flow-typed/npm/resolve_vx.x.x.js", "JavaScript", 444, 0, 0, 0, 0, 0, 0, 19, 68, 531
"/Users/Yuriy/projects/hotel/client/flow-typed/npm/sass-loader_vx.x.x.js", "JavaScript", 66, 0, 0, 0, 0, 0, 0, 19, 14, 99
"/Users/Yuriy/projects/hotel/client/flow-typed/npm/semantic-ui-react_vx.x.x.js", "JavaScript", 5196, 0, 0, 0, 0, 0, 0, 19, 785, 6000
"/Users/Yuriy/projects/hotel/client/flow-typed/npm/semver_vx.x.x.js", "JavaScript", 15, 0, 0, 0, 0, 0, 0, 19, 6, 40
"/Users/Yuriy/projects/hotel/client/flow-typed/npm/socket.io-client_v2.x.x.js", "JavaScript", 68, 0, 0, 0, 0, 0, 0, 3, 10, 81
"/Users/Yuriy/projects/hotel/client/flow-typed/npm/style-loader_vx.x.x.js", "JavaScript", 30, 0, 0, 0, 0, 0, 0, 19, 8, 57
"/Users/Yuriy/projects/hotel/client/flow-typed/npm/terser-webpack-plugin_vx.x.x.js", "JavaScript", 48, 0, 0, 0, 0, 0, 0, 19, 11, 78
"/Users/Yuriy/projects/hotel/client/flow-typed/npm/ts-pnp_vx.x.x.js", "JavaScript", 9, 0, 0, 0, 0, 0, 0, 19, 6, 34
"/Users/Yuriy/projects/hotel/client/flow-typed/npm/url-loader_vx.x.x.js", "JavaScript", 24, 0, 0, 0, 0, 0, 0, 19, 7, 50
"/Users/Yuriy/projects/hotel/client/flow-typed/npm/webpack-dev-server_vx.x.x.js", "JavaScript", 264, 0, 0, 0, 0, 0, 0, 19, 47, 330
"/Users/Yuriy/projects/hotel/client/flow-typed/npm/webpack-manifest-plugin_vx.x.x.js", "JavaScript", 15, 0, 0, 0, 0, 0, 0, 19, 5, 39
"/Users/Yuriy/projects/hotel/client/flow-typed/npm/webpack_v4.x.x.js", "JavaScript", 644, 0, 0, 0, 0, 0, 0, 4, 53, 701
"/Users/Yuriy/projects/hotel/client/flow-typed/npm/workbox-webpack-plugin_vx.x.x.js", "JavaScript", 96, 0, 0, 0, 0, 0, 0, 19, 19, 134
"/Users/Yuriy/projects/hotel/client/package.json", "JSON", 0, 156, 0, 0, 0, 0, 0, 0, 1, 157
"/Users/Yuriy/projects/hotel/client/public/index.html", "HTML", 0, 0, 0, 0, 0, 42, 0, 43, 5, 90
"/Users/Yuriy/projects/hotel/client/public/js/agency.js", "JavaScript", 32, 0, 0, 0, 0, 0, 0, 6, 6, 44
"/Users/Yuriy/projects/hotel/client/public/js/agency.min.js", "JavaScript", 1, 0, 0, 0, 0, 0, 0, 5, 1, 7
"/Users/Yuriy/projects/hotel/client/public/js/bootstrap.bundle.min.js", "JavaScript", 1, 0, 0, 0, 0, 0, 0, 6, 0, 7
"/Users/Yuriy/projects/hotel/client/public/js/jquery.easing.min.js", "JavaScript", 1, 0, 0, 0, 0, 0, 0, 0, 0, 1
"/Users/Yuriy/projects/hotel/client/public/js/jquery.min.js", "JavaScript", 1, 0, 0, 0, 0, 0, 0, 1, 1, 3
"/Users/Yuriy/projects/hotel/client/public/js/popper.min.js", "JavaScript", 1, 0, 0, 0, 0, 0, 0, 4, 1, 6
"/Users/Yuriy/projects/hotel/client/public/manifest.json", "JSON", 0, 25, 0, 0, 0, 0, 0, 0, 1, 26
"/Users/Yuriy/projects/hotel/client/scripts/build.js", "JavaScript", 167, 0, 0, 0, 0, 0, 0, 23, 22, 212
"/Users/Yuriy/projects/hotel/client/scripts/start.js", "JavaScript", 115, 0, 0, 0, 0, 0, 0, 19, 14, 148
"/Users/Yuriy/projects/hotel/client/scripts/test.js", "JavaScript", 36, 0, 0, 0, 0, 0, 0, 7, 11, 54
"/Users/Yuriy/projects/hotel/client/src/App.css", "CSS", 0, 0, 0, 0, 47, 0, 0, 1, 10, 58
"/Users/Yuriy/projects/hotel/client/src/App.js", "JavaScript", 108, 0, 0, 0, 0, 0, 0, 31, 14, 153
"/Users/Yuriy/projects/hotel/client/src/App.test.js", "JavaScript", 8, 0, 0, 0, 0, 0, 0, 0, 2, 10
"/Users/Yuriy/projects/hotel/client/src/assets/css/adminMessagesView.css", "CSS", 0, 0, 0, 0, 34, 0, 0, 0, 2, 36
"/Users/Yuriy/projects/hotel/client/src/assets/css/clientMessageForm.css", "CSS", 0, 0, 0, 0, 32, 0, 0, 0, 3, 35
"/Users/Yuriy/projects/hotel/client/src/assets/css/componentFadeIns.css", "CSS", 0, 0, 0, 0, 31, 0, 0, 19, 0, 50
"/Users/Yuriy/projects/hotel/client/src/assets/css/convoSplashScreen.css", "CSS", 0, 0, 0, 0, 117, 0, 0, 0, 15, 132
"/Users/Yuriy/projects/hotel/client/src/assets/css/successComponent.css", "CSS", 0, 0, 0, 0, 29, 0, 0, 0, 2, 31
"/Users/Yuriy/projects/hotel/client/src/assets/theme/agency.css", "CSS", 0, 0, 0, 0, 589, 0, 0, 9, 100, 698
"/Users/Yuriy/projects/hotel/client/src/assets/theme/booking_style.css", "CSS", 0, 0, 0, 0, 135, 0, 0, 0, 19, 154
"/Users/Yuriy/projects/hotel/client/src/assets/theme/js/contact_me.js", "JavaScript", 64, 0, 0, 0, 0, 0, 0, 8, 4, 76
"/Users/Yuriy/projects/hotel/client/src/assets/theme/js/jqBootstrapValidation.js", "JavaScript", 757, 0, 0, 0, 0, 0, 0, 96, 85, 938
"/Users/Yuriy/projects/hotel/client/src/assets/theme/vendor/bootstrap/css/bootstrap-grid.css", "CSS", 0, 0, 0, 0, 3511, 0, 0, 7, 201, 3719
"/Users/Yuriy/projects/hotel/client/src/assets/theme/vendor/bootstrap/css/bootstrap-grid.min.css", "CSS", 0, 0, 0, 0, 1, 0, 0, 6, 0, 7
"/Users/Yuriy/projects/hotel/client/src/assets/theme/vendor/bootstrap/css/bootstrap-reboot.css", "CSS", 0, 0, 0, 0, 267, 0, 0, 8, 56, 331
"/Users/Yuriy/projects/hotel/client/src/assets/theme/vendor/bootstrap/css/bootstrap-reboot.min.css", "CSS", 0, 0, 0, 0, 1, 0, 0, 7, 0, 8
"/Users/Yuriy/projects/hotel/client/src/assets/theme/vendor/bootstrap/css/bootstrap.css", "CSS", 0, 0, 0, 0, 8832, 0, 0, 7, 1199, 10038
"/Users/Yuriy/projects/hotel/client/src/assets/theme/vendor/bootstrap/css/bootstrap.min.css", "CSS", 0, 0, 0, 0, 1, 0, 0, 6, 0, 7
"/Users/Yuriy/projects/hotel/client/src/assets/theme/vendor/bootstrap/js/bootstrap.bundle.js", "JavaScript", 4493, 0, 0, 0, 0, 0, 0, 1359, 1162, 7014
"/Users/Yuriy/projects/hotel/client/src/assets/theme/vendor/bootstrap/js/bootstrap.js", "JavaScript", 3262, 0, 0, 0, 0, 0, 0, 332, 842, 4436
"/Users/Yuriy/projects/hotel/client/src/assets/theme/vendor/bootstrap/js/bootstrap.min.js", "JavaScript", 1, 0, 0, 0, 0, 0, 0, 6, 0, 7
"/Users/Yuriy/projects/hotel/client/src/assets/theme/vendor/fontawesome-free/css/all.css", "CSS", 0, 0, 0, 0, 2963, 0, 0, 6, 1428, 4397
"/Users/Yuriy/projects/hotel/client/src/assets/theme/vendor/fontawesome-free/css/all.min.css", "CSS", 0, 0, 0, 0, 1, 0, 0, 4, 0, 5
"/Users/Yuriy/projects/hotel/client/src/assets/theme/vendor/fontawesome-free/css/brands.css", "CSS", 0, 0, 0, 0, 9, 0, 0, 4, 2, 15
"/Users/Yuriy/projects/hotel/client/src/assets/theme/vendor/fontawesome-free/css/brands.min.css", "CSS", 0, 0, 0, 0, 1, 0, 0, 4, 0, 5
"/Users/Yuriy/projects/hotel/client/src/assets/theme/vendor/fontawesome-free/css/fontawesome.css", "CSS", 0, 0, 0, 0, 2933, 0, 0, 6, 1425, 4364
"/Users/Yuriy/projects/hotel/client/src/assets/theme/vendor/fontawesome-free/css/fontawesome.min.css", "CSS", 0, 0, 0, 0, 1, 0, 0, 4, 0, 5
"/Users/Yuriy/projects/hotel/client/src/assets/theme/vendor/fontawesome-free/css/regular.css", "CSS", 0, 0, 0, 0, 10, 0, 0, 4, 2, 16
"/Users/Yuriy/projects/hotel/client/src/assets/theme/vendor/fontawesome-free/css/regular.min.css", "CSS", 0, 0, 0, 0, 1, 0, 0, 4, 0, 5
"/Users/Yuriy/projects/hotel/client/src/assets/theme/vendor/fontawesome-free/css/solid.css", "CSS", 0, 0, 0, 0, 11, 0, 0, 4, 2, 17
"/Users/Yuriy/projects/hotel/client/src/assets/theme/vendor/fontawesome-free/css/solid.min.css", "CSS", 0, 0, 0, 0, 1, 0, 0, 4, 0, 5
"/Users/Yuriy/projects/hotel/client/src/assets/theme/vendor/fontawesome-free/css/svg-with-js.css", "CSS", 0, 0, 0, 0, 312, 0, 0, 4, 56, 372
"/Users/Yuriy/projects/hotel/client/src/assets/theme/vendor/fontawesome-free/css/svg-with-js.min.css", "CSS", 0, 0, 0, 0, 1, 0, 0, 4, 0, 5
"/Users/Yuriy/projects/hotel/client/src/assets/theme/vendor/fontawesome-free/css/v4-shims.css", "CSS", 0, 0, 0, 0, 1552, 0, 0, 4, 611, 2167
"/Users/Yuriy/projects/hotel/client/src/assets/theme/vendor/fontawesome-free/css/v4-shims.min.css", "CSS", 0, 0, 0, 0, 1, 0, 0, 4, 0, 5
"/Users/Yuriy/projects/hotel/client/src/assets/theme/vendor/fontawesome-free/webfonts/fa-brands-400.svg", "XML", 0, 0, 0, 3445, 0, 0, 0, 4, 1, 3450
"/Users/Yuriy/projects/hotel/client/src/assets/theme/vendor/fontawesome-free/webfonts/fa-regular-400.svg", "XML", 0, 0, 0, 799, 0, 0, 0, 4, 1, 804
"/Users/Yuriy/projects/hotel/client/src/assets/theme/vendor/fontawesome-free/webfonts/fa-solid-900.svg", "XML", 0, 0, 0, 4645, 0, 0, 0, 4, 1, 4650
"/Users/Yuriy/projects/hotel/client/src/assets/theme/vendor/jquery-easing/jquery.easing.compatibility.js", "JavaScript", 49, 0, 0, 0, 0, 0, 0, 9, 2, 60
"/Users/Yuriy/projects/hotel/client/src/assets/theme/vendor/jquery-easing/jquery.easing.js", "JavaScript", 151, 0, 0, 0, 0, 0, 0, 9, 7, 167
"/Users/Yuriy/projects/hotel/client/src/assets/theme/vendor/jquery/jquery.js", "JavaScript", 6800, 0, 0, 0, 0, 0, 0, 1810, 1989, 10599
"/Users/Yuriy/projects/hotel/client/src/assets/theme/vendor/jquery/jquery.slim.js", "JavaScript", 5413, 0, 0, 0, 0, 0, 0, 1478, 1605, 8496
"/Users/Yuriy/projects/hotel/client/src/assets/theme/vendor/jquery/jquery.slim.min.js", "JavaScript", 1, 0, 0, 0, 0, 0, 0, 1, 1, 3
"/Users/Yuriy/projects/hotel/client/src/components/admin/AdminComponent.js", "JavaScript", 157, 0, 0, 0, 0, 0, 0, 17, 5, 179
"/Users/Yuriy/projects/hotel/client/src/components/admin/_helpers/clientSocketIOHelpers.js", "JavaScript", 53, 0, 0, 0, 0, 0, 0, 6, 2, 61
"/Users/Yuriy/projects/hotel/client/src/components/admin/_helpers/generalComponentHelpers.js", "JavaScript", 20, 0, 0, 0, 0, 0, 0, 2, 5, 27
"/Users/Yuriy/projects/hotel/client/src/components/admin/auth/AdminLoginComponent.js", "JavaScript", 136, 0, 0, 0, 0, 0, 0, 13, 11, 160
"/Users/Yuriy/projects/hotel/client/src/components/admin/auth/css/adminLoginComponent.module.css", "CSS", 0, 0, 0, 0, 4, 0, 0, 0, 0, 4
"/Users/Yuriy/projects/hotel/client/src/components/admin/contact/CardInfo.js", "JavaScript", 24, 0, 0, 0, 0, 0, 0, 1, 2, 27
"/Users/Yuriy/projects/hotel/client/src/components/admin/contact/ContactPostCards.js", "JavaScript", 106, 0, 0, 0, 0, 0, 0, 6, 4, 116
"/Users/Yuriy/projects/hotel/client/src/components/admin/contact/ContactPostIndexContainer.js", "JavaScript", 190, 0, 0, 0, 0, 0, 0, 15, 7, 212
"/Users/Yuriy/projects/hotel/client/src/components/admin/contact/ContactPostReplyMarkup.js", "JavaScript", 13, 0, 0, 0, 0, 0, 0, 1, 2, 16
"/Users/Yuriy/projects/hotel/client/src/components/admin/contact/ContactPostReplyModal.js", "JavaScript", 196, 0, 0, 0, 0, 0, 0, 18, 9, 223
"/Users/Yuriy/projects/hotel/client/src/components/admin/contact/ContactPostView.js", "JavaScript", 123, 0, 0, 0, 0, 0, 0, 10, 8, 141
"/Users/Yuriy/projects/hotel/client/src/components/admin/contact/css/cardInfo.module.css", "CSS", 0, 0, 0, 0, 34, 0, 0, 0, 3, 37
"/Users/Yuriy/projects/hotel/client/src/components/admin/contact/css/contactPostCards.module.css", "CSS", 0, 0, 0, 0, 113, 0, 0, 6, 7, 126
"/Users/Yuriy/projects/hotel/client/src/components/admin/contact/css/contactPostReplyMarkup.module.css", "CSS", 0, 0, 0, 0, 16, 0, 0, 0, 0, 16
"/Users/Yuriy/projects/hotel/client/src/components/admin/contact/css/contactPostReplyModal.module.css", "CSS", 0, 0, 0, 0, 70, 0, 0, 3, 4, 77
"/Users/Yuriy/projects/hotel/client/src/components/admin/contact/css/contactPostViewStyles.module.css", "CSS", 0, 0, 0, 0, 91, 0, 0, 4, 3, 98
"/Users/Yuriy/projects/hotel/client/src/components/admin/contact/css/contactPostsIndexContainer.module.css", "CSS", 0, 0, 0, 0, 84, 0, 0, 5, 5, 94
"/Users/Yuriy/projects/hotel/client/src/components/admin/conversations/ConnectedClientsModal.js", "JavaScript", 99, 0, 0, 0, 0, 0, 0, 3, 6, 108
"/Users/Yuriy/projects/hotel/client/src/components/admin/conversations/ConversationCard.js", "JavaScript", 106, 0, 0, 0, 0, 0, 0, 4, 8, 118
"/Users/Yuriy/projects/hotel/client/src/components/admin/conversations/ConversationComponent.js", "JavaScript", 44, 0, 0, 0, 0, 0, 0, 4, 6, 54
"/Users/Yuriy/projects/hotel/client/src/components/admin/conversations/ConversationControls.js", "JavaScript", 144, 0, 0, 0, 0, 0, 0, 6, 4, 154
"/Users/Yuriy/projects/hotel/client/src/components/admin/conversations/ConversationIndexContainer.js", "JavaScript", 261, 0, 0, 0, 0, 0, 0, 21, 13, 295
"/Users/Yuriy/projects/hotel/client/src/components/admin/conversations/ConversationNameInput.js", "JavaScript", 70, 0, 0, 0, 0, 0, 0, 4, 5, 79
"/Users/Yuriy/projects/hotel/client/src/components/admin/conversations/Message.js", "JavaScript", 18, 0, 0, 0, 0, 0, 0, 4, 3, 25
"/Users/Yuriy/projects/hotel/client/src/components/admin/conversations/MessageAllModal.js", "JavaScript", 58, 0, 0, 0, 0, 0, 0, 3, 5, 66
"/Users/Yuriy/projects/hotel/client/src/components/admin/conversations/MessageSplashScreen.js", "JavaScript", 26, 0, 0, 0, 0, 0, 0, 1, 1, 28
"/Users/Yuriy/projects/hotel/client/src/components/admin/conversations/MessagesComponent.js", "JavaScript", 39, 0, 0, 0, 0, 0, 0, 0, 2, 41
"/Users/Yuriy/projects/hotel/client/src/components/admin/conversations/MessagesView.js", "JavaScript", 118, 0, 0, 0, 0, 0, 0, 10, 5, 133
"/Users/Yuriy/projects/hotel/client/src/components/admin/conversations/css/conversationCard.module.css", "CSS", 0, 0, 0, 0, 140, 0, 0, 1, 4, 145
"/Users/Yuriy/projects/hotel/client/src/components/admin/conversations/css/conversationComponent.module.css", "CSS", 0, 0, 0, 0, 17, 0, 0, 0, 1, 18
"/Users/Yuriy/projects/hotel/client/src/components/admin/conversations/css/conversationControls.module.css", "CSS", 0, 0, 0, 0, 216, 0, 0, 6, 10, 232
"/Users/Yuriy/projects/hotel/client/src/components/admin/conversations/css/conversationIndexContainer.module.css", "CSS", 0, 0, 0, 0, 42, 0, 0, 0, 2, 44
"/Users/Yuriy/projects/hotel/client/src/components/admin/conversations/css/conversationNameInput.module.css", "CSS", 0, 0, 0, 0, 68, 0, 0, 0, 1, 69
"/Users/Yuriy/projects/hotel/client/src/components/admin/conversations/css/message.module.css", "CSS", 0, 0, 0, 0, 24, 0, 0, 0, 2, 26
"/Users/Yuriy/projects/hotel/client/src/components/admin/conversations/css/messageAllModal.module.css", "CSS", 0, 0, 0, 0, 26, 0, 0, 0, 2, 28
"/Users/Yuriy/projects/hotel/client/src/components/admin/conversations/css/messagesSplashScreen.module.css", "CSS", 0, 0, 0, 0, 6, 0, 0, 0, 0, 6
"/Users/Yuriy/projects/hotel/client/src/components/admin/conversations/css/messagesView.module.css", "CSS", 0, 0, 0, 0, 38, 0, 0, 0, 1, 39
"/Users/Yuriy/projects/hotel/client/src/components/admin/conversations/css/onlineClientsModal.module.css", "CSS", 0, 0, 0, 0, 16, 0, 0, 0, 0, 16
"/Users/Yuriy/projects/hotel/client/src/components/admin/conversations/default_messaging/ConfiguredDefaultCard.js", "JavaScript", 79, 0, 0, 0, 0, 0, 0, 3, 5, 87
"/Users/Yuriy/projects/hotel/client/src/components/admin/conversations/default_messaging/DefaultMessageCard.js", "JavaScript", 79, 0, 0, 0, 0, 0, 0, 16, 6, 101
"/Users/Yuriy/projects/hotel/client/src/components/admin/conversations/default_messaging/DefaultMessageMenu.js", "JavaScript", 105, 0, 0, 0, 0, 0, 0, 5, 6, 116
"/Users/Yuriy/projects/hotel/client/src/components/admin/conversations/default_messaging/DefaultMessagesModal.js", "JavaScript", 230, 0, 0, 0, 0, 0, 0, 12, 15, 257
"/Users/Yuriy/projects/hotel/client/src/components/admin/conversations/default_messaging/css/configuredDefaultCard.module.css", "CSS", 0, 0, 0, 0, 106, 0, 0, 0, 4, 110
"/Users/Yuriy/projects/hotel/client/src/components/admin/conversations/default_messaging/css/defaultMessageCard.module.css", "CSS", 0, 0, 0, 0, 68, 0, 0, 0, 6, 74
"/Users/Yuriy/projects/hotel/client/src/components/admin/conversations/default_messaging/css/defaultMessageMenu.module.css", "CSS", 0, 0, 0, 0, 43, 0, 0, 0, 4, 47
"/Users/Yuriy/projects/hotel/client/src/components/admin/conversations/default_messaging/css/defaultMessagesModal.module.css", "CSS", 0, 0, 0, 0, 60, 0, 0, 0, 2, 62
"/Users/Yuriy/projects/hotel/client/src/components/admin/dash/AdminDashComponent.js", "JavaScript", 152, 0, 0, 0, 0, 0, 0, 7, 10, 169
"/Users/Yuriy/projects/hotel/client/src/components/admin/dash/style/styles.js", "JavaScript", 41, 0, 0, 0, 0, 0, 0, 1, 4, 46
"/Users/Yuriy/projects/hotel/client/src/components/admin/dining_entertainment/DiningEntertainmentCards.js", "JavaScript", 60, 0, 0, 0, 0, 0, 0, 5, 3, 68
"/Users/Yuriy/projects/hotel/client/src/components/admin/dining_entertainment/DiningEntertainmentDisplay.js", "JavaScript", 105, 0, 0, 0, 0, 0, 0, 6, 7, 118
"/Users/Yuriy/projects/hotel/client/src/components/admin/dining_entertainment/DiningEntertainmentForm.js", "JavaScript", 377, 0, 0, 0, 0, 0, 0, 28, 28, 433
"/Users/Yuriy/projects/hotel/client/src/components/admin/dining_entertainment/DiningEntertainmentImgThumb.js", "JavaScript", 18, 0, 0, 0, 0, 0, 0, 5, 2, 25
"/Users/Yuriy/projects/hotel/client/src/components/admin/dining_entertainment/DiningEntertainmentIndexContainer.js", "JavaScript", 157, 0, 0, 0, 0, 0, 0, 7, 18, 182
"/Users/Yuriy/projects/hotel/client/src/components/admin/dining_entertainment/EditDiningEntertainmentDisplay.js", "JavaScript", 54, 0, 0, 0, 0, 0, 0, 5, 7, 66
"/Users/Yuriy/projects/hotel/client/src/components/admin/dining_entertainment/css/diningEntertainmentCards.module.css", "CSS", 0, 0, 0, 0, 11, 0, 0, 0, 0, 11
"/Users/Yuriy/projects/hotel/client/src/components/admin/dining_entertainment/css/diningEntertainmentDisplay.module.css", "CSS", 0, 0, 0, 0, 101, 0, 0, 2, 7, 110
"/Users/Yuriy/projects/hotel/client/src/components/admin/dining_entertainment/css/diningEntertainmentForm.module.css", "CSS", 0, 0, 0, 0, 49, 0, 0, 2, 5, 56
"/Users/Yuriy/projects/hotel/client/src/components/admin/dining_entertainment/css/diningEntertainmentImgThumb.module.css", "CSS", 0, 0, 0, 0, 18, 0, 0, 0, 1, 19
"/Users/Yuriy/projects/hotel/client/src/components/admin/dining_entertainment/css/diningEntertainmentIndexContainer.module.css", "CSS", 0, 0, 0, 0, 31, 0, 0, 3, 2, 36
"/Users/Yuriy/projects/hotel/client/src/components/admin/dining_entertainment/css/editDiningEntertainmentDisplay.module.css", "CSS", 0, 0, 0, 0, 20, 0, 0, 0, 3, 23
"/Users/Yuriy/projects/hotel/client/src/components/admin/dining_entertainment/form_components/DiningEntertainmentTypeDropdown.js", "JavaScript", 25, 0, 0, 0, 0, 0, 0, 3, 4, 32
"/Users/Yuriy/projects/hotel/client/src/components/admin/dining_entertainment/helpers/checkFormErrors.js", "JavaScript", 24, 0, 0, 0, 0, 0, 0, 1, 2, 27
"/Users/Yuriy/projects/hotel/client/src/components/admin/footer/FooterMenu.js", "JavaScript", 31, 0, 0, 0, 0, 0, 0, 0, 8, 39
"/Users/Yuriy/projects/hotel/client/src/components/admin/graphs/BookingsGraph.js", "JavaScript", 40, 0, 0, 0, 0, 0, 0, 2, 5, 47
"/Users/Yuriy/projects/hotel/client/src/components/admin/graphs/VisitorGraph.js", "JavaScript", 71, 0, 0, 0, 0, 0, 0, 2, 4, 77
"/Users/Yuriy/projects/hotel/client/src/components/admin/graphs/helper_components/GraphHelpers.js", "JavaScript", 11, 0, 0, 0, 0, 0, 0, 1, 1, 13
"/Users/Yuriy/projects/hotel/client/src/components/admin/graphs/style/styles.js", "JavaScript", 15, 0, 0, 0, 0, 0, 0, 0, 0, 15
"/Users/Yuriy/projects/hotel/client/src/components/admin/nav/AdminNav.js", "JavaScript", 131, 0, 0, 0, 0, 0, 0, 3, 12, 146
"/Users/Yuriy/projects/hotel/client/src/components/admin/posts/PostForm.js", "JavaScript", 60, 0, 0, 0, 0, 0, 0, 2, 9, 71
"/Users/Yuriy/projects/hotel/client/src/components/admin/posts/PostsControls.js", "JavaScript", 46, 0, 0, 0, 0, 0, 0, 3, 7, 56
"/Users/Yuriy/projects/hotel/client/src/components/admin/posts/PostsIndexContainer.js", "JavaScript", 277, 0, 0, 0, 0, 0, 0, 24, 22, 323
"/Users/Yuriy/projects/hotel/client/src/components/admin/posts/cards/NewsPostCard.js", "JavaScript", 56, 0, 0, 0, 0, 0, 0, 5, 1, 62
"/Users/Yuriy/projects/hotel/client/src/components/admin/posts/cards/NewsPostPreviewCard.js", "JavaScript", 92, 0, 0, 0, 0, 0, 0, 5, 6, 103
"/Users/Yuriy/projects/hotel/client/src/components/admin/posts/cards/css/newsPostCard.module.css", "CSS", 0, 0, 0, 0, 87, 0, 0, 0, 8, 95
"/Users/Yuriy/projects/hotel/client/src/components/admin/posts/cards/css/newsPostPreviewCard.module.css", "CSS", 0, 0, 0, 0, 118, 0, 0, 0, 8, 126
"/Users/Yuriy/projects/hotel/client/src/components/admin/posts/controls/NewsPostFormControls.js", "JavaScript", 49, 0, 0, 0, 0, 0, 0, 3, 5, 57
"/Users/Yuriy/projects/hotel/client/src/components/admin/posts/controls/PostPreviewControls.js", "JavaScript", 44, 0, 0, 0, 0, 0, 0, 4, 3, 51
"/Users/Yuriy/projects/hotel/client/src/components/admin/posts/controls/PostSortControls.js", "JavaScript", 37, 0, 0, 0, 0, 0, 0, 2, 3, 42
"/Users/Yuriy/projects/hotel/client/src/components/admin/posts/controls/css/newsPostFormControls.module.css", "CSS", 0, 0, 0, 0, 16, 0, 0, 0, 2, 18
"/Users/Yuriy/projects/hotel/client/src/components/admin/posts/controls/css/postPreviewControls.module.css", "CSS", 0, 0, 0, 0, 23, 0, 0, 0, 3, 26
"/Users/Yuriy/projects/hotel/client/src/components/admin/posts/controls/css/postSortControls.module.css", "CSS", 0, 0, 0, 0, 11, 0, 0, 0, 0, 11
"/Users/Yuriy/projects/hotel/client/src/components/admin/posts/css/postForm.module.css", "CSS", 0, 0, 0, 0, 50, 0, 0, 0, 3, 53
"/Users/Yuriy/projects/hotel/client/src/components/admin/posts/css/postsControls.module.css", "CSS", 0, 0, 0, 0, 8, 0, 0, 0, 2, 10
"/Users/Yuriy/projects/hotel/client/src/components/admin/posts/css/postsIndexContainer.module.css", "CSS", 0, 0, 0, 0, 40, 0, 0, 0, 4, 44
"/Users/Yuriy/projects/hotel/client/src/components/admin/posts/view_all/PostPreview.js", "JavaScript", 72, 0, 0, 0, 0, 0, 0, 6, 5, 83
"/Users/Yuriy/projects/hotel/client/src/components/admin/posts/view_all/ViewAllCard.js", "JavaScript", 50, 0, 0, 0, 0, 0, 0, 5, 4, 59
"/Users/Yuriy/projects/hotel/client/src/components/admin/posts/view_all/ViewAllPosts.js", "JavaScript", 55, 0, 0, 0, 0, 0, 0, 5, 5, 65
"/Users/Yuriy/projects/hotel/client/src/components/admin/posts/view_all/css/postPreview.module.css", "CSS", 0, 0, 0, 0, 78, 0, 0, 0, 5, 83
"/Users/Yuriy/projects/hotel/client/src/components/admin/posts/view_all/css/viewAllCard.module.css", "CSS", 0, 0, 0, 0, 22, 0, 0, 0, 3, 25
"/Users/Yuriy/projects/hotel/client/src/components/admin/rooms/EditRoomDisplay.js", "JavaScript", 57, 0, 0, 0, 0, 0, 0, 5, 6, 68
"/Users/Yuriy/projects/hotel/client/src/components/admin/rooms/FileInput.js", "JavaScript", 78, 0, 0, 0, 0, 0, 0, 5, 11, 94
"/Users/Yuriy/projects/hotel/client/src/components/admin/rooms/RoomDisplay.js", "JavaScript", 152, 0, 0, 0, 0, 0, 0, 6, 7, 165
"/Users/Yuriy/projects/hotel/client/src/components/admin/rooms/RoomForm.js", "JavaScript", 479, 0, 0, 0, 0, 0, 0, 25, 24, 528
"/Users/Yuriy/projects/hotel/client/src/components/admin/rooms/RoomHolder.js", "JavaScript", 47, 0, 0, 0, 0, 0, 0, 4, 4, 55
"/Users/Yuriy/projects/hotel/client/src/components/admin/rooms/RoomsIndexContainer.js", "JavaScript", 171, 0, 0, 0, 0, 0, 0, 12, 15, 198
"/Users/Yuriy/projects/hotel/client/src/components/admin/rooms/css/defaultDisplay.module.css", "CSS", 0, 0, 0, 0, 4, 0, 0, 0, 0, 4
"/Users/Yuriy/projects/hotel/client/src/components/admin/rooms/css/editRoomDisplay.module.css", "CSS", 0, 0, 0, 0, 20, 0, 0, 0, 2, 22
"/Users/Yuriy/projects/hotel/client/src/components/admin/rooms/css/fileInput.module.css", "CSS", 0, 0, 0, 0, 8, 0, 0, 0, 1, 9
"/Users/Yuriy/projects/hotel/client/src/components/admin/rooms/css/roomDisplay.module.css", "CSS", 0, 0, 0, 0, 73, 0, 0, 6, 2, 81
"/Users/Yuriy/projects/hotel/client/src/components/admin/rooms/css/roomForm.module.css", "CSS", 0, 0, 0, 0, 55, 0, 0, 3, 5, 63
"/Users/Yuriy/projects/hotel/client/src/components/admin/rooms/css/roomHolder.module.css", "CSS", 0, 0, 0, 0, 48, 0, 0, 0, 3, 51
"/Users/Yuriy/projects/hotel/client/src/components/admin/rooms/css/roomIndexCont.module.css", "CSS", 0, 0, 0, 0, 27, 0, 0, 0, 4, 31
"/Users/Yuriy/projects/hotel/client/src/components/admin/rooms/helpers/checkFormErrors.js", "JavaScript", 42, 0, 0, 0, 0, 0, 0, 1, 3, 46
"/Users/Yuriy/projects/hotel/client/src/components/admin/services/EditServiceDisplay.js", "JavaScript", 55, 0, 0, 0, 0, 0, 0, 5, 8, 68
"/Users/Yuriy/projects/hotel/client/src/components/admin/services/ServiceCard.js", "JavaScript", 53, 0, 0, 0, 0, 0, 0, 4, 5, 62
"/Users/Yuriy/projects/hotel/client/src/components/admin/services/ServiceDisplay.js", "JavaScript", 57, 0, 0, 0, 0, 0, 0, 6, 5, 68
"/Users/Yuriy/projects/hotel/client/src/components/admin/services/ServiceForm.js", "JavaScript", 276, 0, 0, 0, 0, 0, 0, 24, 17, 317
"/Users/Yuriy/projects/hotel/client/src/components/admin/services/ServiceImageThumb.js", "JavaScript", 25, 0, 0, 0, 0, 0, 0, 4, 3, 32
"/Users/Yuriy/projects/hotel/client/src/components/admin/services/ServicesIndexContainer.js", "JavaScript", 176, 0, 0, 0, 0, 0, 0, 16, 14, 206
"/Users/Yuriy/projects/hotel/client/src/components/admin/services/css/editServiceDisplay.module.css", "CSS", 0, 0, 0, 0, 19, 0, 0, 2, 2, 23
"/Users/Yuriy/projects/hotel/client/src/components/admin/services/css/serviceDisplay.module.css", "CSS", 0, 0, 0, 0, 78, 0, 0, 3, 4, 85
"/Users/Yuriy/projects/hotel/client/src/components/admin/services/css/serviceForm.module.css", "CSS", 0, 0, 0, 0, 44, 0, 0, 3, 5, 52
"/Users/Yuriy/projects/hotel/client/src/components/admin/services/css/serviceHolder.module.css", "CSS", 0, 0, 0, 0, 39, 0, 0, 0, 2, 41
"/Users/Yuriy/projects/hotel/client/src/components/admin/services/css/serviceImageThumb.module.css", "CSS", 0, 0, 0, 0, 19, 0, 0, 0, 0, 19
"/Users/Yuriy/projects/hotel/client/src/components/admin/services/css/servicesIndexContainer.module.css", "CSS", 0, 0, 0, 0, 16, 0, 0, 0, 2, 18
"/Users/Yuriy/projects/hotel/client/src/components/admin/services/helpers/serviceFormValidator.js", "JavaScript", 22, 0, 0, 0, 0, 0, 0, 1, 4, 27
"/Users/Yuriy/projects/hotel/client/src/components/admin/services/style/styles.js", "JavaScript", 0, 0, 0, 0, 0, 0, 0, 0, 1, 1
"/Users/Yuriy/projects/hotel/client/src/components/admin/shared/ApiMessage.js", "JavaScript", 54, 0, 0, 0, 0, 0, 0, 4, 9, 67
"/Users/Yuriy/projects/hotel/client/src/components/admin/shared/CardOnlineStatusBlinkers.js", "JavaScript", 18, 0, 0, 0, 0, 0, 0, 1, 2, 21
"/Users/Yuriy/projects/hotel/client/src/components/admin/shared/ClipText.js", "JavaScript", 29, 0, 0, 0, 0, 0, 0, 7, 9, 45
"/Users/Yuriy/projects/hotel/client/src/components/admin/shared/ConfirmDeleteModal.js", "JavaScript", 39, 0, 0, 0, 0, 0, 0, 3, 4, 46
"/Users/Yuriy/projects/hotel/client/src/components/admin/shared/EditViewControls.js", "JavaScript", 51, 0, 0, 0, 0, 0, 0, 5, 6, 62
"/Users/Yuriy/projects/hotel/client/src/components/admin/shared/FileInput.js", "JavaScript", 78, 0, 0, 0, 0, 0, 0, 5, 11, 94
"/Users/Yuriy/projects/hotel/client/src/components/admin/shared/FormAPILoader.js", "JavaScript", 13, 0, 0, 0, 0, 0, 0, 2, 3, 18
"/Users/Yuriy/projects/hotel/client/src/components/admin/shared/FormErrorMessages.js", "JavaScript", 18, 0, 0, 0, 0, 0, 0, 1, 3, 22
"/Users/Yuriy/projects/hotel/client/src/components/admin/shared/GeneralNoModelsSegment.js", "JavaScript", 19, 0, 0, 0, 0, 0, 0, 1, 4, 24
"/Users/Yuriy/projects/hotel/client/src/components/admin/shared/GenericImgModal.js", "JavaScript", 27, 0, 0, 0, 0, 0, 0, 4, 4, 35
"/Users/Yuriy/projects/hotel/client/src/components/admin/shared/ImgUploadControls.js", "JavaScript", 23, 0, 0, 0, 0, 0, 0, 0, 4, 27
"/Users/Yuriy/projects/hotel/client/src/components/admin/shared/ModelDeleteBtn.js", "JavaScript", 32, 0, 0, 0, 0, 0, 0, 3, 5, 40
"/Users/Yuriy/projects/hotel/client/src/components/admin/shared/OnlinePopupControls.js", "JavaScript", 71, 0, 0, 0, 0, 0, 0, 5, 7, 83
"/Users/Yuriy/projects/hotel/client/src/components/admin/shared/PreviewImagesCarousel.js", "JavaScript", 88, 0, 0, 0, 0, 0, 0, 26, 10, 124
"/Users/Yuriy/projects/hotel/client/src/components/admin/shared/css/apiMessage.module.css", "CSS", 0, 0, 0, 0, 19, 0, 0, 0, 1, 20
"/Users/Yuriy/projects/hotel/client/src/components/admin/shared/css/cardOnlineStatusBlinkers.module.css", "CSS", 0, 0, 0, 0, 30, 0, 0, 0, 3, 33
"/Users/Yuriy/projects/hotel/client/src/components/admin/shared/css/clipText.module.css", "CSS", 0, 0, 0, 0, 4, 0, 0, 0, 0, 4
"/Users/Yuriy/projects/hotel/client/src/components/admin/shared/css/confirmDeleteModal.module.css", "CSS", 0, 0, 0, 0, 18, 0, 0, 0, 0, 18
"/Users/Yuriy/projects/hotel/client/src/components/admin/shared/css/editViewControls.module.css", "CSS", 0, 0, 0, 0, 10, 0, 0, 0, 1, 11
"/Users/Yuriy/projects/hotel/client/src/components/admin/shared/css/fileInput.module.css", "CSS", 0, 0, 0, 0, 8, 0, 0, 0, 1, 9
"/Users/Yuriy/projects/hotel/client/src/components/admin/shared/css/formAPILoader.module.css", "CSS", 0, 0, 0, 0, 9, 0, 0, 0, 0, 9
"/Users/Yuriy/projects/hotel/client/src/components/admin/shared/css/genericImgModal.module.css", "CSS", 0, 0, 0, 0, 4, 0, 0, 0, 0, 4
"/Users/Yuriy/projects/hotel/client/src/components/admin/shared/css/modelDeleteBtn.module.css", "CSS", 0, 0, 0, 0, 13, 0, 0, 0, 0, 13
"/Users/Yuriy/projects/hotel/client/src/components/admin/shared/css/onlinePopupControls.module.css", "CSS", 0, 0, 0, 0, 38, 0, 0, 0, 3, 41
"/Users/Yuriy/projects/hotel/client/src/components/admin/shared/css/previewImagesCarousel.module.css", "CSS", 0, 0, 0, 0, 69, 0, 0, 0, 2, 71
"/Users/Yuriy/projects/hotel/client/src/components/admin/user_config/UserConfigContainer.js", "JavaScript", 28, 0, 0, 0, 0, 0, 0, 1, 5, 34
"/Users/Yuriy/projects/hotel/client/src/components/client_components/HomeComponent.js", "JavaScript", 166, 0, 0, 0, 0, 0, 0, 18, 11, 195
"/Users/Yuriy/projects/hotel/client/src/components/client_components/dining/DiningIndex.js", "JavaScript", 88, 0, 0, 0, 0, 0, 0, 7, 10, 105
"/Users/Yuriy/projects/hotel/client/src/components/client_components/dining/cafe/CafeComponent.js", "JavaScript", 61, 0, 0, 0, 0, 0, 0, 7, 4, 72
"/Users/Yuriy/projects/hotel/client/src/components/client_components/dining/cafe/css/cafeComponent.module.css", "CSS", 0, 0, 0, 0, 120, 0, 0, 5, 11, 136
"/Users/Yuriy/projects/hotel/client/src/components/client_components/dining/css/diningComponent.module.css", "CSS", 0, 0, 0, 0, 217, 0, 0, 5, 9, 231
"/Users/Yuriy/projects/hotel/client/src/components/client_components/dining/css/diningIndex.module.css", "CSS", 0, 0, 0, 0, 179, 0, 0, 3, 8, 190
"/Users/Yuriy/projects/hotel/client/src/components/client_components/dining/hepers/defaultValues.js", "JavaScript", 32, 0, 0, 0, 0, 0, 0, 1, 3, 36
"/Users/Yuriy/projects/hotel/client/src/components/client_components/dining/hepers/setDefaultUrls.js", "JavaScript", 32, 0, 0, 0, 0, 0, 0, 2, 2, 36
"/Users/Yuriy/projects/hotel/client/src/components/client_components/dining/lounge/LoungeComponent.js", "JavaScript", 75, 0, 0, 0, 0, 0, 0, 7, 3, 85
"/Users/Yuriy/projects/hotel/client/src/components/client_components/dining/lounge/css/loungeComponent.module.css", "CSS", 0, 0, 0, 0, 108, 0, 0, 1, 9, 118
"/Users/Yuriy/projects/hotel/client/src/components/client_components/dining/restaurant/RestaurantComponent.js", "JavaScript", 104, 0, 0, 0, 0, 0, 0, 8, 8, 120
"/Users/Yuriy/projects/hotel/client/src/components/client_components/dining/restaurant/css/restaurantComponent.module.css", "CSS", 0, 0, 0, 0, 213, 0, 0, 27, 13, 253
"/Users/Yuriy/projects/hotel/client/src/components/client_components/footer/Footer.js", "JavaScript", 55, 0, 0, 0, 0, 0, 0, 2, 3, 60
"/Users/Yuriy/projects/hotel/client/src/components/client_components/footer/css/footer.module.css", "CSS", 0, 0, 0, 0, 8, 0, 0, 0, 0, 8
"/Users/Yuriy/projects/hotel/client/src/components/client_components/forms/BookingForm.js", "JavaScript", 186, 0, 0, 0, 0, 0, 0, 6, 10, 202
"/Users/Yuriy/projects/hotel/client/src/components/client_components/forms/ContactForm.js", "JavaScript", 157, 0, 0, 0, 0, 0, 0, 5, 4, 166
"/Users/Yuriy/projects/hotel/client/src/components/client_components/forms/css/bookingForm.module.css", "CSS", 0, 0, 0, 0, 11, 0, 0, 0, 1, 12
"/Users/Yuriy/projects/hotel/client/src/components/client_components/helpers/generalClientComponentHelpers.js", "JavaScript", 11, 0, 0, 0, 0, 0, 0, 1, 4, 16
"/Users/Yuriy/projects/hotel/client/src/components/client_components/main_header/MainHeaderComponent.js", "JavaScript", 37, 0, 0, 0, 0, 0, 0, 0, 4, 41
"/Users/Yuriy/projects/hotel/client/src/components/client_components/messaging/Message.js", "JavaScript", 18, 0, 0, 0, 0, 0, 0, 3, 4, 25
"/Users/Yuriy/projects/hotel/client/src/components/client_components/messaging/MessageForm.js", "JavaScript", 127, 0, 0, 0, 0, 0, 0, 14, 17, 158
"/Users/Yuriy/projects/hotel/client/src/components/client_components/messaging/MessengerClosedComp.js", "JavaScript", 33, 0, 0, 0, 0, 0, 0, 3, 4, 40
"/Users/Yuriy/projects/hotel/client/src/components/client_components/messaging/MessengerContainer.js", "JavaScript", 77, 0, 0, 0, 0, 0, 0, 11, 7, 95
"/Users/Yuriy/projects/hotel/client/src/components/client_components/messaging/MessengerInput.js", "JavaScript", 36, 0, 0, 0, 0, 0, 0, 1, 4, 41
"/Users/Yuriy/projects/hotel/client/src/components/client_components/messaging/css/message.module.css", "CSS", 0, 0, 0, 0, 21, 0, 0, 0, 1, 22
"/Users/Yuriy/projects/hotel/client/src/components/client_components/messaging/css/messageForm.module.css", "CSS", 0, 0, 0, 0, 131, 0, 0, 1, 8, 140
"/Users/Yuriy/projects/hotel/client/src/components/client_components/messaging/css/messengerClosedComponent.module.css", "CSS", 0, 0, 0, 0, 81, 0, 0, 0, 5, 86
"/Users/Yuriy/projects/hotel/client/src/components/client_components/messaging/css/messengerInput.module.css", "CSS", 0, 0, 0, 0, 6, 0, 0, 0, 0, 6
"/Users/Yuriy/projects/hotel/client/src/components/client_components/messaging/helpers/constants.js", "JavaScript", 12, 0, 0, 0, 0, 0, 0, 1, 0, 13
"/Users/Yuriy/projects/hotel/client/src/components/client_components/messaging/helpers/messageHelpers.js", "JavaScript", 43, 0, 0, 0, 0, 0, 0, 29, 4, 76
"/Users/Yuriy/projects/hotel/client/src/components/client_components/navbar/HomeScreenNav.js", "JavaScript", 37, 0, 0, 0, 0, 0, 0, 3, 6, 46
"/Users/Yuriy/projects/hotel/client/src/components/client_components/navbar/NavbarComponent.js", "JavaScript", 175, 0, 0, 0, 0, 0, 0, 20, 13, 208
"/Users/Yuriy/projects/hotel/client/src/components/client_components/navbar/NonHomeScreenNav.js", "JavaScript", 55, 0, 0, 0, 0, 0, 0, 3, 6, 64
"/Users/Yuriy/projects/hotel/client/src/components/client_components/navbar/css/generalNavStyles.module.css", "CSS", 0, 0, 0, 0, 27, 0, 0, 2, 4, 33
"/Users/Yuriy/projects/hotel/client/src/components/client_components/news_posts/NewsPostMainCard.js", "JavaScript", 82, 0, 0, 0, 0, 0, 0, 5, 12, 99
"/Users/Yuriy/projects/hotel/client/src/components/client_components/news_posts/NewsPostReader.js", "JavaScript", 73, 0, 0, 0, 0, 0, 0, 6, 4, 83
"/Users/Yuriy/projects/hotel/client/src/components/client_components/news_posts/NewsPostSideCard.js", "JavaScript", 38, 0, 0, 0, 0, 0, 0, 3, 5, 46
"/Users/Yuriy/projects/hotel/client/src/components/client_components/news_posts/NewsPostView.js", "JavaScript", 0, 0, 0, 0, 0, 0, 0, 0, 1, 1
"/Users/Yuriy/projects/hotel/client/src/components/client_components/news_posts/NewsPostsIndexContainer.js", "JavaScript", 167, 0, 0, 0, 0, 0, 0, 7, 14, 188
"/Users/Yuriy/projects/hotel/client/src/components/client_components/news_posts/_helpers/setDefaults.js", "JavaScript", 46, 0, 0, 0, 0, 0, 0, 4, 3, 53
"/Users/Yuriy/projects/hotel/client/src/components/client_components/news_posts/css/newsPostMainCard.module.css", "CSS", 0, 0, 0, 0, 165, 0, 0, 0, 10, 175
"/Users/Yuriy/projects/hotel/client/src/components/client_components/news_posts/css/newsPostReader.module.css", "CSS", 0, 0, 0, 0, 160, 0, 0, 1, 12, 173
"/Users/Yuriy/projects/hotel/client/src/components/client_components/news_posts/css/newsPostSideCard.module.css", "CSS", 0, 0, 0, 0, 88, 0, 0, 0, 6, 94
"/Users/Yuriy/projects/hotel/client/src/components/client_components/news_posts/css/newsPostsIndexContainer.module.css", "CSS", 0, 0, 0, 0, 88, 0, 0, 0, 6, 94
"/Users/Yuriy/projects/hotel/client/src/components/client_components/rooms/Room.js", "JavaScript", 114, 0, 0, 0, 0, 0, 0, 13, 9, 136
"/Users/Yuriy/projects/hotel/client/src/components/client_components/rooms/RoomsIndexContainer.js", "JavaScript", 126, 0, 0, 0, 0, 0, 0, 10, 13, 149
"/Users/Yuriy/projects/hotel/client/src/components/client_components/rooms/css/room.module.css", "CSS", 0, 0, 0, 0, 54, 0, 0, 2, 3, 59
"/Users/Yuriy/projects/hotel/client/src/components/client_components/rooms/css/roomIndexContainer.module.css", "CSS", 0, 0, 0, 0, 101, 0, 0, 4, 8, 113
"/Users/Yuriy/projects/hotel/client/src/components/client_components/rooms/helpers/setDefaultValues.js", "JavaScript", 38, 0, 0, 0, 0, 0, 0, 2, 1, 41
"/Users/Yuriy/projects/hotel/client/src/components/client_components/rooms/room_views/MobileRoomPicsView.js", "JavaScript", 23, 0, 0, 0, 0, 0, 0, 6, 3, 32
"/Users/Yuriy/projects/hotel/client/src/components/client_components/rooms/room_views/RoomLeft.js", "JavaScript", 227, 0, 0, 0, 0, 0, 0, 6, 3, 236
"/Users/Yuriy/projects/hotel/client/src/components/client_components/rooms/room_views/RoomRight.js", "JavaScript", 228, 0, 0, 0, 0, 0, 0, 6, 4, 238
"/Users/Yuriy/projects/hotel/client/src/components/client_components/rooms/room_views/css/mobileRoomPicsView.module.css", "CSS", 0, 0, 0, 0, 41, 0, 0, 0, 5, 46
"/Users/Yuriy/projects/hotel/client/src/components/client_components/rooms/room_views/css/roomLeft.module.css", "CSS", 0, 0, 0, 0, 192, 0, 0, 8, 13, 213
"/Users/Yuriy/projects/hotel/client/src/components/client_components/rooms/room_views/css/roomRight.module.css", "CSS", 0, 0, 0, 0, 181, 0, 0, 8, 17, 206
"/Users/Yuriy/projects/hotel/client/src/components/client_components/services/ServiceClientView.js", "JavaScript", 74, 0, 0, 0, 0, 0, 0, 5, 6, 85
"/Users/Yuriy/projects/hotel/client/src/components/client_components/services/ServicesIndexComponent.js", "JavaScript", 103, 0, 0, 0, 0, 0, 0, 7, 12, 122
"/Users/Yuriy/projects/hotel/client/src/components/client_components/services/css/serviceClientView.module.css", "CSS", 0, 0, 0, 0, 111, 0, 0, 1, 9, 121
"/Users/Yuriy/projects/hotel/client/src/components/client_components/services/css/servicesIndexContainer.module.css", "CSS", 0, 0, 0, 0, 87, 0, 0, 1, 8, 96
"/Users/Yuriy/projects/hotel/client/src/components/client_components/services/home_page/HomePageServiceCard.js", "JavaScript", 63, 0, 0, 0, 0, 0, 0, 5, 8, 76
"/Users/Yuriy/projects/hotel/client/src/components/client_components/services/home_page/HomePageServices.js", "JavaScript", 96, 0, 0, 0, 0, 0, 0, 10, 6, 112
"/Users/Yuriy/projects/hotel/client/src/components/client_components/services/home_page/css/homePageServiceCard.module.css", "CSS", 0, 0, 0, 0, 50, 0, 0, 0, 4, 54
"/Users/Yuriy/projects/hotel/client/src/components/client_components/services/home_page/css/homePageServices.module.css", "CSS", 0, 0, 0, 0, 68, 0, 0, 1, 4, 73
"/Users/Yuriy/projects/hotel/client/src/components/client_components/shared/AnimatedBorder.js", "JavaScript", 27, 0, 0, 0, 0, 0, 0, 2, 3, 32
"/Users/Yuriy/projects/hotel/client/src/components/client_components/shared/AnimatedBorderButton.js", "JavaScript", 14, 0, 0, 0, 0, 0, 0, 2, 3, 19
"/Users/Yuriy/projects/hotel/client/src/components/client_components/shared/ClientNotFoundComponent.js", "JavaScript", 23, 0, 0, 0, 0, 0, 0, 3, 3, 29
"/Users/Yuriy/projects/hotel/client/src/components/client_components/shared/FlipImgComponent.js", "JavaScript", 22, 0, 0, 0, 0, 0, 0, 4, 3, 29
"/Users/Yuriy/projects/hotel/client/src/components/client_components/shared/GenericImgModalCarousel.js", "JavaScript", 48, 0, 0, 0, 0, 0, 0, 10, 6, 64
"/Users/Yuriy/projects/hotel/client/src/components/client_components/shared/css/animatedBorder.module.css", "CSS", 0, 0, 0, 0, 14, 0, 0, 1, 1, 16
"/Users/Yuriy/projects/hotel/client/src/components/client_components/shared/css/animatedBorderButton.module.css", "CSS", 0, 0, 0, 0, 64, 0, 0, 0, 3, 67
"/Users/Yuriy/projects/hotel/client/src/components/client_components/shared/css/clientNotFoundComponent.module.css", "CSS", 0, 0, 0, 0, 28, 0, 0, 0, 0, 28
"/Users/Yuriy/projects/hotel/client/src/components/client_components/shared/css/flipImgComponent.module.css", "CSS", 0, 0, 0, 0, 54, 0, 0, 0, 8, 62
"/Users/Yuriy/projects/hotel/client/src/components/client_components/shared/css/genericImgModal.module.css", "CSS", 0, 0, 0, 0, 59, 0, 0, 1, 2, 62
"/Users/Yuriy/projects/hotel/client/src/components/display_components/ErrorComponent.js", "JavaScript", 45, 0, 0, 0, 0, 0, 0, 1, 2, 48
"/Users/Yuriy/projects/hotel/client/src/components/display_components/NotAllowedComponent.js", "JavaScript", 21, 0, 0, 0, 0, 0, 0, 1, 3, 25
"/Users/Yuriy/projects/hotel/client/src/components/display_components/SuccessComponent.js", "JavaScript", 32, 0, 0, 0, 0, 0, 0, 0, 4, 36
"/Users/Yuriy/projects/hotel/client/src/components/display_components/css/notAllowedComponent.module.css", "CSS", 0, 0, 0, 0, 59, 0, 0, 0, 6, 65
"/Users/Yuriy/projects/hotel/client/src/components/helpers/checkLogin.js", "JavaScript", 20, 0, 0, 0, 0, 0, 0, 3, 2, 25
"/Users/Yuriy/projects/hotel/client/src/components/helpers/componentHelpers.js", "JavaScript", 38, 0, 0, 0, 0, 0, 0, 5, 3, 46
"/Users/Yuriy/projects/hotel/client/src/components/helpers/dateHelpers.js", "JavaScript", 59, 0, 0, 0, 0, 0, 0, 10, 1, 70
"/Users/Yuriy/projects/hotel/client/src/components/helpers/displayHelpers.js", "JavaScript", 109, 0, 0, 0, 0, 0, 0, 11, 13, 133
"/Users/Yuriy/projects/hotel/client/src/components/helpers/mockData.js", "JavaScript", 38, 0, 0, 0, 0, 0, 0, 1, 4, 43
"/Users/Yuriy/projects/hotel/client/src/components/helpers/protectedRoute.js", "JavaScript", 52, 0, 0, 0, 0, 0, 0, 10, 4, 66
"/Users/Yuriy/projects/hotel/client/src/i18n.js", "JavaScript", 241, 0, 0, 0, 0, 0, 0, 3, 6, 250
"/Users/Yuriy/projects/hotel/client/src/index.css", "CSS", 0, 0, 0, 0, 15, 0, 0, 5, 2, 22
"/Users/Yuriy/projects/hotel/client/src/index.js", "JavaScript", 10, 0, 0, 0, 0, 0, 0, 3, 3, 16
"/Users/Yuriy/projects/hotel/client/src/logo.svg", "XML", 0, 0, 0, 7, 0, 0, 0, 0, 1, 8
"/Users/Yuriy/projects/hotel/client/src/redux/actions/adminAction.js", "JavaScript", 0, 0, 0, 0, 0, 0, 0, 1, 0, 1
"/Users/Yuriy/projects/hotel/client/src/redux/actions/adminConversationActions.js", "JavaScript", 481, 0, 0, 0, 0, 0, 0, 42, 23, 546
"/Users/Yuriy/projects/hotel/client/src/redux/actions/apiActions.js", "JavaScript", 138, 0, 0, 0, 0, 0, 0, 1, 6, 145
"/Users/Yuriy/projects/hotel/client/src/redux/actions/appGeneralActions.js", "JavaScript", 60, 0, 0, 0, 0, 0, 0, 0, 4, 64
"/Users/Yuriy/projects/hotel/client/src/redux/actions/clientActions.js", "JavaScript", 31, 0, 0, 0, 0, 0, 0, 3, 7, 41
"/Users/Yuriy/projects/hotel/client/src/redux/actions/contactPostActions.js", "JavaScript", 220, 0, 0, 0, 0, 0, 0, 7, 21, 248
"/Users/Yuriy/projects/hotel/client/src/redux/actions/conversationActions.js", "JavaScript", 194, 0, 0, 0, 0, 0, 0, 13, 16, 223
"/Users/Yuriy/projects/hotel/client/src/redux/actions/diningActions.js", "JavaScript", 461, 0, 0, 0, 0, 0, 0, 23, 56, 540
"/Users/Yuriy/projects/hotel/client/src/redux/actions/helpers/errorHelpers.js", "JavaScript", 49, 0, 0, 0, 0, 0, 0, 2, 3, 54
"/Users/Yuriy/projects/hotel/client/src/redux/actions/helpers/generateReplyEmailBody.js", "JavaScript", 190, 0, 0, 0, 0, 0, 0, 1, 2, 193
"/Users/Yuriy/projects/hotel/client/src/redux/actions/newsPostActions.js", "JavaScript", 350, 0, 0, 0, 0, 0, 0, 7, 35, 392
"/Users/Yuriy/projects/hotel/client/src/redux/actions/roomActions.js", "JavaScript", 388, 0, 0, 0, 0, 0, 0, 31, 37, 456
"/Users/Yuriy/projects/hotel/client/src/redux/actions/serviceActions.js", "JavaScript", 395, 0, 0, 0, 0, 0, 0, 21, 34, 450
"/Users/Yuriy/projects/hotel/client/src/redux/constants.js", "JavaScript", 45, 0, 0, 0, 0, 0, 0, 0, 6, 51
"/Users/Yuriy/projects/hotel/client/src/redux/history.js", "JavaScript", 2, 0, 0, 0, 0, 0, 0, 0, 1, 3
"/Users/Yuriy/projects/hotel/client/src/redux/reducers/_helpers/createReducer.js", "JavaScript", 30, 0, 0, 0, 0, 0, 0, 2, 4, 36
"/Users/Yuriy/projects/hotel/client/src/redux/reducers/_helpers/emptyDataGenerators.js", "JavaScript", 132, 0, 0, 0, 0, 0, 0, 1, 8, 141
"/Users/Yuriy/projects/hotel/client/src/redux/reducers/adminReducer.js", "JavaScript", 78, 0, 0, 0, 0, 0, 0, 0, 3, 81
"/Users/Yuriy/projects/hotel/client/src/redux/reducers/admin_conversations/adminConversationsReducer.js", "JavaScript", 203, 0, 0, 0, 0, 0, 0, 1, 4, 208
"/Users/Yuriy/projects/hotel/client/src/redux/reducers/admin_conversations/flowTypes.js", "JavaScript", 209, 0, 0, 0, 0, 0, 0, 5, 9, 223
"/Users/Yuriy/projects/hotel/client/src/redux/reducers/appGeneralReducer.js", "JavaScript", 63, 0, 0, 0, 0, 0, 0, 0, 4, 67
"/Users/Yuriy/projects/hotel/client/src/redux/reducers/client/clientReducer.js", "JavaScript", 46, 0, 0, 0, 0, 0, 0, 1, 2, 49
"/Users/Yuriy/projects/hotel/client/src/redux/reducers/client/flowTypes.js", "JavaScript", 39, 0, 0, 0, 0, 0, 0, 4, 4, 47
"/Users/Yuriy/projects/hotel/client/src/redux/reducers/combinedReducers.js", "JavaScript", 24, 0, 0, 0, 0, 0, 0, 0, 2, 26
"/Users/Yuriy/projects/hotel/client/src/redux/reducers/contact_posts/contactPostReducer.js", "JavaScript", 85, 0, 0, 0, 0, 0, 0, 1, 2, 88
"/Users/Yuriy/projects/hotel/client/src/redux/reducers/contact_posts/flowTypes.js", "JavaScript", 134, 0, 0, 0, 0, 0, 0, 5, 2, 141
"/Users/Yuriy/projects/hotel/client/src/redux/reducers/conversations/conversationReducer.js", "JavaScript", 137, 0, 0, 0, 0, 0, 0, 1, 5, 143
"/Users/Yuriy/projects/hotel/client/src/redux/reducers/conversations/flowTypes.js", "JavaScript", 137, 0, 0, 0, 0, 0, 0, 6, 5, 148
"/Users/Yuriy/projects/hotel/client/src/redux/reducers/dining_entertainment/diningEntertainmentReducer.js", "JavaScript", 223, 0, 0, 0, 0, 0, 0, 1, 2, 226
"/Users/Yuriy/projects/hotel/client/src/redux/reducers/dining_entertainment/flowTypes.js", "JavaScript", 241, 0, 0, 0, 0, 0, 0, 5, 6, 252
"/Users/Yuriy/projects/hotel/client/src/redux/reducers/news_posts/flowTypes.js", "JavaScript", 156, 0, 0, 0, 0, 0, 0, 6, 6, 168
"/Users/Yuriy/projects/hotel/client/src/redux/reducers/news_posts/newsPostReducer.js", "JavaScript", 139, 0, 0, 0, 0, 0, 0, 1, 2, 142
"/Users/Yuriy/projects/hotel/client/src/redux/reducers/rooms/flowTypes.js", "JavaScript", 226, 0, 0, 0, 0, 0, 0, 6, 4, 236
"/Users/Yuriy/projects/hotel/client/src/redux/reducers/rooms/roomReducer.js", "JavaScript", 153, 0, 0, 0, 0, 0, 0, 1, 3, 157
"/Users/Yuriy/projects/hotel/client/src/redux/reducers/service/flowTypes.js", "JavaScript", 168, 0, 0, 0, 0, 0, 0, 5, 2, 175
"/Users/Yuriy/projects/hotel/client/src/redux/reducers/service/serviceReducer.js", "JavaScript", 172, 0, 0, 0, 0, 0, 0, 1, 5, 178
"/Users/Yuriy/projects/hotel/client/src/redux/store.js", "JavaScript", 6, 0, 0, 0, 0, 0, 0, 0, 1, 7
"/Users/Yuriy/projects/hotel/client/src/routes/appRoutes.js", "JavaScript", 13, 0, 0, 0, 0, 0, 0, 0, 2, 15
"/Users/Yuriy/projects/hotel/client/src/serviceWorker.js", "JavaScript", 94, 0, 0, 0, 0, 0, 0, 31, 13, 138
"/Users/Yuriy/projects/hotel/client/src/setupTests.js", "JavaScript", 1, 0, 0, 0, 0, 0, 0, 4, 1, 6
"/Users/Yuriy/projects/hotel/client/src/socket_io/clientSocket.js", "JavaScript", 0, 0, 0, 0, 0, 0, 0, 3, 2, 5
"/Users/Yuriy/projects/hotel/package.json", "JSON", 0, 46, 0, 0, 0, 0, 0, 0, 1, 47
"/Users/Yuriy/projects/hotel/public/assets/images/flags/ru_flag.svg", "XML", 0, 0, 0, 1, 0, 0, 0, 0, 0, 1
"/Users/Yuriy/projects/hotel/public/assets/images/flags/ua_flag.svg", "XML", 0, 0, 0, 1, 0, 0, 0, 0, 0, 1
"/Users/Yuriy/projects/hotel/public/assets/images/flags/uk_flag.svg", "XML", 0, 0, 0, 1, 0, 0, 0, 0, 0, 1
"/Users/Yuriy/projects/hotel/src/config/appConfig.js", "JavaScript", 2, 0, 0, 0, 0, 0, 0, 0, 2, 4
"/Users/Yuriy/projects/hotel/src/config/development/devConfig.js", "JavaScript", 8, 0, 0, 0, 0, 0, 0, 0, 2, 10
"/Users/Yuriy/projects/hotel/src/controllers/authController.js", "JavaScript", 104, 0, 0, 0, 0, 0, 0, 11, 1, 116
"/Users/Yuriy/projects/hotel/src/controllers/contactPostsController.js", "JavaScript", 148, 0, 0, 0, 0, 0, 0, 4, 10, 162
"/Users/Yuriy/projects/hotel/src/controllers/conversationsController.js", "JavaScript", 141, 0, 0, 0, 0, 0, 0, 14, 5, 160
"/Users/Yuriy/projects/hotel/src/controllers/diningEntertainmentController.js", "JavaScript", 471, 0, 0, 0, 0, 0, 0, 13, 22, 506
"/Users/Yuriy/projects/hotel/src/controllers/helpers/apiHelpers.js", "JavaScript", 38, 0, 0, 0, 0, 0, 0, 0, 2, 40
"/Users/Yuriy/projects/hotel/src/controllers/helpers/authHelper.js", "JavaScript", 47, 0, 0, 0, 0, 0, 0, 1, 1, 49
"/Users/Yuriy/projects/hotel/src/controllers/helpers/defaultMessageEmitters.js", "JavaScript", 80, 0, 0, 0, 0, 0, 0, 0, 6, 86
"/Users/Yuriy/projects/hotel/src/controllers/helpers/validationHelpers.js", "JavaScript", 144, 0, 0, 0, 0, 0, 0, 27, 12, 183
"/Users/Yuriy/projects/hotel/src/controllers/mailerController.js", "JavaScript", 26, 0, 0, 0, 0, 0, 0, 0, 4, 30
"/Users/Yuriy/projects/hotel/src/controllers/messagesController.js", "JavaScript", 108, 0, 0, 0, 0, 0, 0, 230, 6, 344
"/Users/Yuriy/projects/hotel/src/controllers/newsPostsController.js", "JavaScript", 292, 0, 0, 0, 0, 0, 0, 4, 15, 311
"/Users/Yuriy/projects/hotel/src/controllers/redisController.js", "JavaScript", 179, 0, 0, 0, 0, 0, 0, 112, 25, 316
"/Users/Yuriy/projects/hotel/src/controllers/roomsController.js", "JavaScript", 350, 0, 0, 0, 0, 0, 0, 9, 12, 371
"/Users/Yuriy/projects/hotel/src/controllers/servicesController.js", "JavaScript", 311, 0, 0, 0, 0, 0, 0, 8, 16, 335
"/Users/Yuriy/projects/hotel/src/controllers/socketIOController.js", "JavaScript", 233, 0, 0, 0, 0, 0, 0, 33, 16, 282
"/Users/Yuriy/projects/hotel/src/helpers/data_generation/generateData.js", "JavaScript", 108, 0, 0, 0, 0, 0, 0, 1, 10, 119
"/Users/Yuriy/projects/hotel/src/helpers/data_generation/generateMockContactPosts.js", "JavaScript", 24, 0, 0, 0, 0, 0, 0, 4, 2, 30
"/Users/Yuriy/projects/hotel/src/helpers/data_generation/generateMockDiningEntOptions.js", "JavaScript", 25, 0, 0, 0, 0, 0, 0, 4, 4, 33
"/Users/Yuriy/projects/hotel/src/helpers/data_generation/generateMockNewsPosts.js", "JavaScript", 21, 0, 0, 0, 0, 0, 0, 4, 2, 27
"/Users/Yuriy/projects/hotel/src/models/ContactPost.js", "JavaScript", 53, 0, 0, 0, 0, 0, 0, 0, 3, 56
"/Users/Yuriy/projects/hotel/src/models/Conversation.js", "JavaScript", 59, 0, 0, 0, 0, 0, 0, 0, 2, 61
"/Users/Yuriy/projects/hotel/src/models/DiningEntertainment.js", "JavaScript", 66, 0, 0, 0, 0, 0, 0, 0, 2, 68
"/Users/Yuriy/projects/hotel/src/models/DiningImage.js", "JavaScript", 21, 0, 0, 0, 0, 0, 0, 0, 2, 23
"/Users/Yuriy/projects/hotel/src/models/HotelService.js", "JavaScript", 39, 0, 0, 0, 0, 0, 0, 0, 2, 41
"/Users/Yuriy/projects/hotel/src/models/MenuImage.js", "JavaScript", 21, 0, 0, 0, 0, 0, 0, 0, 2, 23
"/Users/Yuriy/projects/hotel/src/models/Message.js", "JavaScript", 40, 0, 0, 0, 0, 0, 0, 1, 3, 44
"/Users/Yuriy/projects/hotel/src/models/NewsPost.js", "JavaScript", 33, 0, 0, 0, 0, 0, 0, 0, 2, 35
"/Users/Yuriy/projects/hotel/src/models/NewsPostImage.js", "JavaScript", 21, 0, 0, 0, 0, 0, 0, 0, 2, 23
"/Users/Yuriy/projects/hotel/src/models/PostImage.js", "JavaScript", 21, 0, 0, 0, 0, 0, 0, 0, 2, 23
"/Users/Yuriy/projects/hotel/src/models/Room.js", "JavaScript", 76, 0, 0, 0, 0, 0, 0, 0, 2, 78
"/Users/Yuriy/projects/hotel/src/models/RoomImage.js", "JavaScript", 21, 0, 0, 0, 0, 0, 0, 0, 2, 23
"/Users/Yuriy/projects/hotel/src/models/ServiceImage.js", "JavaScript", 21, 0, 0, 0, 0, 0, 0, 0, 2, 23
"/Users/Yuriy/projects/hotel/src/models/User.js", "JavaScript", 39, 0, 0, 0, 0, 0, 0, 0, 2, 41
"/Users/Yuriy/projects/hotel/src/routes/authRoutes.js", "JavaScript", 29, 0, 0, 0, 0, 0, 0, 0, 8, 37
"/Users/Yuriy/projects/hotel/src/routes/combineRoutes.js", "JavaScript", 32, 0, 0, 0, 0, 0, 0, 6, 1, 39
"/Users/Yuriy/projects/hotel/src/routes/contactPostRoutes.js", "JavaScript", 15, 0, 0, 0, 0, 0, 0, 12, 5, 32
"/Users/Yuriy/projects/hotel/src/routes/conversationRoutes.js", "JavaScript", 15, 0, 0, 0, 0, 0, 0, 13, 4, 32
"/Users/Yuriy/projects/hotel/src/routes/diningImageRoutes.js", "JavaScript", 10, 0, 0, 0, 0, 0, 0, 6, 2, 18
"/Users/Yuriy/projects/hotel/src/routes/diningRoutes.js", "JavaScript", 19, 0, 0, 0, 0, 0, 0, 15, 8, 42
"/Users/Yuriy/projects/hotel/src/routes/helpers/routeHelpers.js", "JavaScript", 9, 0, 0, 0, 0, 0, 0, 0, 0, 9
"/Users/Yuriy/projects/hotel/src/routes/mailRoutes.js", "JavaScript", 6, 0, 0, 0, 0, 0, 0, 3, 2, 11
"/Users/Yuriy/projects/hotel/src/routes/menuImageRoutes.js", "JavaScript", 10, 0, 0, 0, 0, 0, 0, 6, 3, 19
"/Users/Yuriy/projects/hotel/src/routes/messageRoutes.js", "JavaScript", 15, 0, 0, 0, 0, 0, 0, 28, 7, 50
"/Users/Yuriy/projects/hotel/src/routes/newsPostImageRouters.js", "JavaScript", 13, 0, 0, 0, 0, 0, 0, 9, 5, 27
"/Users/Yuriy/projects/hotel/src/routes/newsPostsRoutes.js", "JavaScript", 15, 0, 0, 0, 0, 0, 0, 12, 5, 32
"/Users/Yuriy/projects/hotel/src/routes/roomImageRoutes.js", "JavaScript", 10, 0, 0, 0, 0, 0, 0, 6, 3, 19
"/Users/Yuriy/projects/hotel/src/routes/roomRoutes.js", "JavaScript", 18, 0, 0, 0, 0, 0, 0, 16, 5, 39
"/Users/Yuriy/projects/hotel/src/routes/serviceImageRoutes.js", "JavaScript", 10, 0, 0, 0, 0, 0, 0, 6, 2, 18
"/Users/Yuriy/projects/hotel/src/routes/serviceRoutes.js", "JavaScript", 19, 0, 0, 0, 0, 0, 0, 15, 8, 42
"/Users/Yuriy/projects/hotel/src/routes/testRoutes.js", "JavaScript", 9, 0, 0, 0, 0, 0, 0, 0, 0, 9
"/Users/Yuriy/projects/hotel/src/server.js", "JavaScript", 98, 0, 0, 0, 0, 0, 0, 14, 17, 129
"/Users/Yuriy/projects/hotel/src/uploaders/diningImageUploader.js", "JavaScript", 93, 0, 0, 0, 0, 0, 0, 8, 8, 109
"/Users/Yuriy/projects/hotel/src/uploaders/helpers/uploaderHelpers.js", "JavaScript", 22, 0, 0, 0, 0, 0, 0, 1, 1, 24
"/Users/Yuriy/projects/hotel/src/uploaders/menuImageUploader.js", "JavaScript", 93, 0, 0, 0, 0, 0, 0, 8, 7, 108
"/Users/Yuriy/projects/hotel/src/uploaders/newsPostImageUploader.js", "JavaScript", 93, 0, 0, 0, 0, 0, 0, 8, 8, 109
"/Users/Yuriy/projects/hotel/src/uploaders/postImageUploader.js", "JavaScript", 88, 0, 0, 0, 0, 0, 0, 8, 6, 102
"/Users/Yuriy/projects/hotel/src/uploaders/roomImageUploader.js", "JavaScript", 92, 0, 0, 0, 0, 0, 0, 8, 7, 107
"/Users/Yuriy/projects/hotel/src/uploaders/serviceImageUploader.js", "JavaScript", 91, 0, 0, 0, 0, 0, 0, 8, 6, 105
"Total", "-", 57718, 227, 6, 8899, 26862, 42, 37, 11753, 15340, 120884